{
    "time_0": 189.44848032973505,
    "time_1": 189.53637948354896,
    "time_10": 190.80333944288373,
    "time_100": 190.98176418831963,
    "time_101": 190.97249275398295,
    "time_102": 191.03800275956965,
    "time_103": 191.16519014080683,
    "time_104": 191.35705368565013,
    "time_105": 191.5043214804231,
    "time_106": 191.62245855970318,
    "time_107": 191.72926930067487,
    "time_108": 191.8215898946744,
    "time_109": 191.90518668730746,
    "time_11": 190.9508236956876,
    "time_110": 192.0831903225434,
    "time_111": 192.30291255422296,
    "time_112": 192.48733020092135,
    "time_113": 192.6049438221053,
    "time_114": 192.6141927824506,
    "time_115": 192.52658690254714,
    "time_116": 192.377250029587,
    "time_117": 192.29141016689005,
    "time_118": 192.22265014599742,
    "time_119": 192.17167254878714,
    "time_12": 191.01052629441156,
    "time_120": 192.14899500089896,
    "time_121": 192.0781665128527,
    "time_122": 191.9930250362944,
    "time_123": 191.87250174066244,
    "time_124": 191.7661876277822,
    "time_125": 191.73409297455478,
    "time_126": 191.72423453411014,
    "time_127": 191.74832903368565,
    "time_128": 191.79390166785245,
    "time_129": 191.8440266259816,
    "time_13": 191.0653271435882,
    "time_130": 191.83231235717358,
    "time_131": 191.78914710821337,
    "time_132": 191.73401826233948,
    "time_133": 191.72717709864534,
    "time_134": 191.79153102284235,
    "time_135": 191.94293797196264,
    "time_136": 192.15617914607313,
    "time_137": 192.39014351377097,
    "time_138": 192.54054710745808,
    "time_139": 192.5966605786017,
    "time_14": 191.10236902509914,
    "time_140": 192.64847258282055,
    "time_141": 192.70166626176243,
    "time_142": 192.75710132531427,
    "time_143": 192.84187336328532,
    "time_144": 192.9375001717718,
    "time_145": 193.01142498737397,
    "time_146": 193.0623812621067,
    "time_147": 193.04484683673073,
    "time_148": 193.09631216360876,
    "time_149": 193.28336604154256,
    "time_15": 191.1113598652466,
    "time_150": 193.60989937369092,
    "time_151": 193.93842086324491,
    "time_16": 191.1768470480111,
    "time_17": 191.2482601972977,
    "time_18": 191.35281878552658,
    "time_19": 191.34987282810724,
    "time_2": 189.6589470035573,
    "time_20": 191.2882648550672,
    "time_21": 191.34096780694944,
    "time_22": 191.39572069522714,
    "time_23": 191.40191690253437,
    "time_24": 191.4197654208027,
    "time_25": 191.47347385464863,
    "time_26": 191.40638221946838,
    "time_27": 191.28516872412098,
    "time_28": 191.23120892099647,
    "time_29": 191.16556550506536,
    "time_3": 189.72226731323653,
    "time_30": 191.0740886392202,
    "time_31": 191.02388618253337,
    "time_32": 190.9584880772438,
    "time_33": 191.0054062554362,
    "time_34": 191.10817876094356,
    "time_35": 191.23264629693077,
    "time_36": 191.31377530125732,
    "time_37": 191.36427574035898,
    "time_38": 191.44402797703148,
    "time_39": 191.51307521026584,
    "time_4": 189.72711120844997,
    "time_40": 191.53682083781118,
    "time_41": 191.5476292469269,
    "time_42": 191.55723073665726,
    "time_43": 191.55620509053304,
    "time_44": 191.57700382439654,
    "time_45": 191.6130656360196,
    "time_46": 191.6718256621326,
    "time_47": 191.77967270168247,
    "time_48": 191.89570682996867,
    "time_49": 191.95128252590345,
    "time_5": 189.73366181674137,
    "time_50": 191.97236336843397,
    "time_51": 191.9463870937539,
    "time_52": 191.88431830756772,
    "time_53": 191.75497623962724,
    "time_54": 191.69597300629226,
    "time_55": 191.69008883833905,
    "time_56": 191.68736891346666,
    "time_57": 191.6156036475134,
    "time_58": 191.57664323343516,
    "time_59": 191.53055743265858,
    "time_6": 189.86619822030366,
    "time_60": 191.46957853600975,
    "time_61": 191.43213546009224,
    "time_62": 191.42250286998518,
    "time_63": 191.40907445839449,
    "time_64": 191.41763839443445,
    "time_65": 191.39694895578154,
    "time_66": 191.32926690216556,
    "time_67": 191.1893836795788,
    "time_68": 191.02739051239823,
    "time_69": 190.9339513695085,
    "time_7": 190.0092252871508,
    "time_70": 190.90907416090755,
    "time_71": 190.8995445916096,
    "time_72": 190.88395047667746,
    "time_73": 190.82389487033655,
    "time_74": 190.75228537489494,
    "time_75": 190.71822042910557,
    "time_76": 190.67208921337738,
    "time_77": 190.6099184017211,
    "time_78": 190.57637290817235,
    "time_79": 190.61194728255757,
    "time_8": 190.21128920477432,
    "time_80": 190.66786126759757,
    "time_81": 190.74742700043825,
    "time_82": 190.81583204723293,
    "time_83": 190.85318856384643,
    "time_84": 190.87021107653328,
    "time_85": 190.84695539551592,
    "time_86": 190.82969228491163,
    "time_87": 190.9314151557942,
    "time_88": 191.0294980074834,
    "time_89": 191.080349091356,
    "time_9": 190.52780551343002,
    "time_90": 191.0803713589493,
    "time_91": 191.0589432134241,
    "time_92": 191.04542348298048,
    "time_93": 191.05119472726824,
    "time_94": 191.09499546871302,
    "time_95": 191.18809840638656,
    "time_96": 191.24552393299453,
    "time_97": 191.27928244659387,
    "time_98": 191.2452874946524,
    "time_99": 191.10831710556786
}